Billing Code,Invoice Number,Absolute Start Page,Absolute End Page,Page Count
AF1,43874,1,1,1
AH1,43875,2,2,1
AL1,43876,3,9,7
ASSLEVI,43877,10,10,1
BAIRD,43878,11,11,1
CEN,43879,12,12,1
CHOICE,43880,13,13,1
CMM394,43881,14,14,1
JZMGT,43882,15,15,1
PARADI,43883,16,16,1
RGBXPR,43884,17,20,4
RGWELL,43885,21,21,1
1PROSP,43886,22,22,1
BBE,43887,23,23,1
BBG,43888,24,25,2
BLL,43889,26,26,1
BOR,43890,27,28,2
BRL,43891,29,29,1
BSD,43892,30,31,2
BS1,43893,32,59,28
BZE,43894,60,94,35
CM1,43895,95,95,1
DAV,43896,96,98,3
EDW,43897,99,99,1
ED1,43898,100,100,1
EG1,43899,101,103,3
EMH,43900,104,104,1
FUR,43901,105,105,1
FV1,43902,106,114,9
GE1,43903,115,116,2
GHU,43904,117,117,1
GLS,43905,118,119,2
HA1,43906,120,121,2
HEL,43907,122,122,1
HE1,43908,123,126,4
HW1,43909,127,127,1
HZ1,43910,128,128,1
IKE,43911,129,129,1
ITA,43912,130,132,3
JD1,43913,133,150,18
JE1,43914,151,156,6
JLP,43915,157,157,1
JME,43916,158,159,2
JPS,43917,160,160,1
KB1,43918,161,162,2
KDL,43919,163,166,4
KK1,43920,167,247,81
KLF,43921,248,248,1
KU1,43922,249,249,1
LCB,43923,250,250,1
LEE,43924,251,252,2
LEO,43925,253,272,20
LS1,43926,273,273,1
LU1,43927,274,274,1
LW1,43928,275,275,1
MIZ,43929,276,277,2
MN1,43930,278,280,3
NS1,43931,281,281,1
OAE,43932,282,282,1
OAM,43933,283,283,1
PIC,43934,284,284,1
PIT,43935,285,285,1
RPL,43936,286,286,1
RR1,43937,287,306,20
SBF,43938,307,307,1
SDP,43939,308,308,1
SH1,43940,309,310,2
SMY,43941,311,311,1
SW1,43942,312,317,6
TD1,43943,318,320,3
TR1,43944,321,345,25
VLF,43945,346,346,1
WML,43946,347,347,1
WRL,43947,348,348,1
WS1,43948,349,350,2
AY1,43949,351,351,1
AY1,43950,352,352,1
AY1,43951,353,353,1
AY1,43952,354,354,1
AY1,43953,355,355,1
GAK,43954,356,356,1
PAP,43955,357,357,1
PAP,43956,358,358,1
SL1,43957,359,359,1
SL1,43958,360,360,1
SL1,43959,361,361,1
